Member_ID,First_Name,Last_Name,Join_Source,Email
100001,Nathanial,Douglas,Web,mrobshaw@att.net
100002,Jonah,Weaver,Web,kannan@att.net
100003,Ryan,Morrow,Web,wiseb@yahoo.ca
100004,Griffin,Blair,Store,
100005,Melody,Barajas,Web,muadip@gmail.com
100006,Mareli,Terry,Store,
100007,Alanna,Smith,Web,smeier@gmail.com
100008,Davon,Phillips,Call Center,microfab@verizon.net
100009,Aria,Chandler,Call Center,ranasta@yahoo.com
100010,Renee,Hayes,Call Center,gommix@gmail.com
100011,Katie,Forbes,Web,wayward@hotmail.com
100012,Hugo,Love,Store,
100013,Valentina,Ferguson,Store,
100014,Tiffany,Singleton,Store,
100015,Johnathon,Burns,Call Center,mirod@outlook.com
100016,Stella,Durham,Web,policies@optonline.net
100017,Daniel,Christian,Store,
100018,Eliezer,Berg,Call Center,marin@verizon.net
100019,Nyasia,Drake,Web,dogdude@outlook.com
100020,Dalia,David,Call Center,sabren@gmail.com
100021,Madden,Rose,Call Center,zyghom@sbcglobal.net
100022,Marcus,Hatfield,Web,sscorpio@yahoo.com
100023,Cason,Pugh,Web,uqmcolyv@aol.com
100024,Gloria,Brewer,Store,
100025,Abagail,Johns,Call Center,bulletin@comcast.net
100026,Coby,Ferguson,Web,rhavyn@msn.com
100027,Jamiya,Reid,Store,
100028,Adan,Holden,Call Center,maikelnai@comcast.net
100029,Jaden,Glass,Store,
100030,Leanna,Cunningham,Store,
100031,Cassidy,Farmer,Web,fluffy@yahoo.com
100032,Kenneth,Andersen,Call Center,brainless@sbcglobal.net
100033,Katelyn,Ochoa,Web,thomasj@icloud.com
100034,Gael,Garza,Store,
100035,Ean,Maldonado,Call Center,stevelim@gmail.com
100036,Sarahi,Stanton,Web,sakusha@live.com
100037,Kaydence,Patrick,Web,jdhildeb@hotmail.com
100038,Casey,Page,Store,
100039,Eleanor,Benton,Web,josem@icloud.com
100040,Teagan,Bates,Store,
100041,Rory,Jackson,Call Center,chronos@gmail.com
100042,Sloane,Ramos,Call Center,pgottsch@sbcglobal.net
100043,Taryn,David,Store,
100044,Trace,Hurley,Call Center,campware@me.com
100045,Madilyn,Buckley,Call Center,pemungkah@hotmail.com
100046,Jaydan,Campos,Store,
100047,Eric,Greene,Call Center,vganesh@me.com
100048,Milton,Mckay,Store,
100049,Hunter,Long,Call Center,drhyde@outlook.com
100050,Jaida,Chaney,Call Center,claypool@optonline.net
100051,Janelle,Brennan,Store,
100052,Evan,Dodson,Web,rsteiner@aol.com
100053,Alaina,Mcintyre,Web,kosact@verizon.net
100054,Carter,Forbes,Store,
100055,Harold,Dennis,Web,josephw@hotmail.com
100056,Aaliyah,Hill,Call Center,jschauma@live.com
100057,Aliana,Odom,Web,british@optonline.net
100058,Ella,Mason,Store,
100059,Talon,Ibarra,Call Center,noodles@yahoo.ca
100060,Angelo,Russell,Call Center,gator@outlook.com
100061,Enrique,Mendoza,Call Center,mosses@yahoo.com
100062,Abril,Norman,Call Center,gfxguy@hotmail.com
100063,Greyson,Harris,Web,maratb@me.com
100064,Ella,Bird,Store,
100065,Macey,Duffy,Call Center,jdhedden@mac.com
100066,Ashlee,Olson,Store,
100067,Ray,Chapman,Web,jbailie@me.com
100068,Jaidyn,Tucker,Call Center,bartlett@msn.com
100069,Cecelia,Velazquez,Store,
100070,Mario,Townsend,Store,
100071,Samantha,Everett,Store,esokullu@att.net
100072,Mia,Watkins,Web,yangyan@comcast.net
100073,Nathalie,Daniels,Call Center,stomv@mac.com
100074,Kasen,Navarro,Call Center,smartfart@yahoo.ca
100075,Malaki,Lang,Call Center,juliano@msn.com
100076,Talia,Kennedy,Call Center,srour@optonline.net
100077,Elisa,Wells,Store,noahb@icloud.com
100078,Jaylynn,David,Call Center,hermanab@verizon.net
100079,Desmond,Moses,Call Center,makarow@optonline.net
100080,Mitchell,Eaton,Call Center,grolschie@att.net
100081,Hayden,Rodriguez,Call Center,arnold@mac.com
100082,Helen,Weaver,Call Center,shaffei@verizon.net
100083,Adrien,Massey,Store,sravani@me.com
100084,Ezra,Winters,Call Center,hahsler@yahoo.com
100085,Stephen,Massey,Call Center,lushe@hotmail.com
100086,Sage,Guerrero,Call Center,kiddailey@hotmail.com
100087,Finnegan,Walton,Call Center,bester@att.net
100088,Kamron,Potts,Store,jesse@comcast.net
100089,Keshawn,Horne,Store,gemmell@outlook.com
100090,Cael,Gregory,Web,harpes@gmail.com
100091,Yandel,York,Store,miami@icloud.com
100092,Nayeli,Velez,Store,telbij@outlook.com
100093,Darren,Parks,Store,wojciech@gmail.com
100094,Aliana,Daniel,Store,kaiser@sbcglobal.net
100095,Rishi,Glenn,Call Center,jnolan@verizon.net
100096,Brogan,Duran,Store,dowdy@outlook.com
100097,Cade,Hines,Web,josem@me.com
100098,Evelin,Jacobson,Web,osrin@me.com
100099,Aidan,Cameron,Store,gfxguy@outlook.com
100100,Ximena,Santiago,Web,khris@sbcglobal.net
100101,Aidan,Prince,Web,seanq@verizon.net
100102,Zack,Holmes,Store,duchamp@gmail.com
100103,Kayden,Raymond,Call Center,psharpe@outlook.com
100104,Abel,Rivers,Call Center,mdielmann@outlook.com
100105,Beau,Roach,Web,evilopie@aol.com
100106,Tatum,Dunn,Store,staikos@aol.com
100107,Todd,Velazquez,Store,warrior@icloud.com
100108,Anika,Gibbs,Web,parasite@comcast.net
100109,Sara,Wise,Store,dimensio@optonline.net
100110,Roger,Gibbs,Call Center,imightb@mac.com
100111,Janiah,Osborn,Call Center,snunez@msn.com
100112,Regan,Anderson,Call Center,froodian@aol.com
100113,Allan,Pennington,Store,ajlitt@icloud.com
100114,Jaidyn,Snyder,Web,tedrlord@hotmail.com
100115,Ximena,Cohen,Store,jaarnial@sbcglobal.net
100116,Alvaro,Warren,Store,mleary@icloud.com
100117,Adriel,Contreras,Store,jmcnamara@mac.com
100118,Marlon,Duffy,Web,dodong@gmail.com
100119,Kennedi,Durham,Web,pierce@outlook.com
100120,Harry,Kelly,Web,purvis@yahoo.com
100121,Douglas,Forbes,Store,fviegas@outlook.com
100122,Kaylyn,Case,Store,jhardin@optonline.net
100123,Camilla,Mitchell,Call Center,jwarren@yahoo.com
100124,Ruby,Mccormick,Store,kronvold@live.com
100125,Erick,Swanson,Web,houle@gmail.com
100126,Annabella,Williams,Web,druschel@msn.com
100127,Landen,Glass,Call Center,rtanter@verizon.net
100128,Kirsten,Atkinson,Web,jelmer@yahoo.ca
100129,Marisa,Frye,Web,wiseb@mac.com
100130,Louis,Odom,Web,bmorrow@outlook.com
100131,Mariela,Ferrell,Store,zyghom@comcast.net
100132,Amir,Moon,Call Center,stern@live.com
100133,Mallory,Green,Call Center,paina@hotmail.com
100134,Celeste,Vaughan,Web,bonmots@outlook.com
100135,Chance,Banks,Call Center,pavel@yahoo.ca
100136,Maximo,Dudley,Store,adamk@verizon.net
100137,Abbie,Hutchinson,Call Center,hermanab@gmail.com
100138,Jaydon,Phillips,Call Center,ranasta@outlook.com
100139,Rubi,Valdez,Call Center,wayward@verizon.net
100140,Cyrus,Shah,Web,storerm@hotmail.com
100141,Grayson,Cowan,Call Center,esasaki@live.com
100142,Gerald,Mcpherson,Call Center,bhtower@verizon.net
100143,Gunnar,Lloyd,Call Center,murdocj@sbcglobal.net
100144,Ayden,Gallagher,Call Center,crimsane@me.com
100145,Claudia,Hamilton,Store,martyloo@live.com
100146,Tania,Proctor,Call Center,psichel@optonline.net
100147,Karla,Salas,Web,nighthawk@comcast.net
100148,Liberty,Beck,Store,imightb@att.net
100149,Kael,Lyons,Call Center,aukjan@verizon.net
100150,Slade,Bailey,Store,pkilab@mac.com
100151,Leon,Barnett,Call Center,iamcal@mac.com
100152,Virginia,Levy,Web,rasca@gmail.com
100153,Deandre,Padilla,Store,euice@me.com
100154,Elyse,Short,Call Center,jyoliver@yahoo.com
100155,Amelie,Hill,Store,wagnerch@live.com
100156,Layla,Nicholson,Call Center,gslondon@comcast.net
100157,Victor,Sullivan,Store,kmiller@yahoo.ca
100158,Kathy,Branch,Call Center,snunez@yahoo.ca
100159,Ayanna,Cook,Store,gslondon@yahoo.com
100160,Kamryn,Osborne,Call Center,hling@msn.com
100161,Marquis,Bowen,Store,cmdrgravy@comcast.net
100162,Sidney,Mejia,Call Center,ateniese@att.net
100163,Kelvin,Gaines,Call Center,lpalmer@aol.com
100164,Eve,Bray,Call Center,martink@sbcglobal.net
100165,Jade,Mills,Call Center,rkobes@verizon.net
100166,Rolando,Villegas,Store,sthomas@att.net
100167,Alisa,Greer,Store,torgox@msn.com
100168,Adyson,Espinoza,Web,cantu@me.com
100169,Kamari,Velazquez,Store,tokuhirom@optonline.net
100170,Amber,Jordan,Store,alias@msn.com
100171,Jadiel,Riddle,Call Center,mmccool@yahoo.ca
100172,Kenya,Stanton,Web,houle@me.com
100173,Semaj,Hancock,Call Center,gator@optonline.net
100174,Jason,Baird,Store,evilopie@live.com
100175,Ezekiel,Lane,Store,irving@msn.com
100176,Taniya,Jefferson,Call Center,nichoj@yahoo.ca
100177,Rocco,Cannon,Store,rjones@yahoo.com
100178,Johnny,Bird,Web,sthomas@outlook.com
100179,Finn,Conley,Store,gravyface@hotmail.com
100180,Ashley,Kramer,Call Center,seano@live.com
100181,Hassan,Villarreal,Call Center,rhavyn@mac.com
100182,Ella,Aguilar,Call Center,dbrobins@aol.com
100183,Devin,Mcfarland,Web,gilmoure@outlook.com
100184,Roy,Walter,Call Center,rhialto@sbcglobal.net
100185,Jaylyn,Levine,Store,mchugh@aol.com
100186,Meadow,Bridges,Store,luvirini@hotmail.com
100187,Skyler,Wilkerson,Web,jfriedl@yahoo.com
100188,Kira,Parsons,Call Center,policies@comcast.net
100189,Nicolas,Horn,Web,singh@verizon.net
100190,Jaydin,Ware,Web,liedra@yahoo.ca
100191,Ashanti,Wise,Store,jamuir@outlook.com
100192,Rashad,Shelton,Call Center,adillon@optonline.net
100193,Anabella,Barajas,Call Center,houle@att.net
100194,Dale,Khan,Call Center,noodles@outlook.com
100195,Christopher,Long,Store,loscar@yahoo.com
100196,Reese,Johns,Store,singer@yahoo.com
100197,Annabella,Robles,Call Center,petersen@hotmail.com
100198,Bradyn,Tate,Web,tsuruta@verizon.net
100199,Janiah,Paul,Call Center,munge@me.com
100200,Leanna,Benjamin,Store,uraeus@sbcglobal.net
100201,Cullen,Hanson,Call Center,skaufman@optonline.net
100202,Kathleen,Spence,Web,jpflip@me.com
100203,Titus,Benjamin,Web,kohlis@sbcglobal.net
100204,Alma,Patrick,Store,lcheng@comcast.net
100205,Colt,Mayer,Web,bartlett@yahoo.com
100206,Kieran,Rush,Call Center,gtewari@optonline.net
100207,Aubrey,Small,Store,dieman@msn.com
100208,Tyson,Alexander,Call Center,jsmith@aol.com
100209,Anya,Trevino,Call Center,pgottsch@yahoo.ca
100210,Tessa,Hinton,Store,airship@verizon.net
100211,Emilee,Mora,Call Center,sonnen@msn.com
100212,Esther,Benson,Call Center,chrwin@yahoo.com
100213,Oswaldo,Donaldson,Web,paulv@yahoo.com
100214,Kiana,Richards,Web,njpayne@gmail.com
100215,Uriel,Oconnell,Call Center,lukka@live.com
100216,Waylon,Jordan,Call Center,imightb@comcast.net
100217,Trevon,Durham,Call Center,spadkins@me.com
100218,Kimberly,Howe,Call Center,seasweb@msn.com
100219,Johnathan,Doyle,Web,wildfire@yahoo.com
100220,Giselle,French,Call Center,osrin@yahoo.com
100221,Hezekiah,Barr,Call Center,biglou@me.com
100222,Leonardo,Armstrong,Web,tskirvin@icloud.com
100223,Maleah,Esparza,Web,carcus@att.net
100224,Curtis,Chen,Call Center,blixem@live.com
100225,Daphne,Beasley,Call Center,gordonjcp@live.com
100226,Aliya,Bowen,Call Center,dkasak@mac.com
100227,Raul,Buchanan,Web,goldberg@aol.com
100228,Johnny,Mckinney,Call Center,caronni@icloud.com
100229,Gilbert,Green,Call Center,erynf@icloud.com
100230,Clay,Bautista,Call Center,seebs@aol.com
100231,Yaritza,Riddle,Call Center,muadip@icloud.com
100232,Tyson,Mccall,Web,bhima@mac.com
100233,Frances,Stephenson,Web,tjensen@mac.com
100234,Abril,Newman,Call Center,guialbu@verizon.net
100235,Braden,Cole,Call Center,mbswan@icloud.com
100236,Cadence,Barrera,Web,mxiao@verizon.net
100237,Dayana,Collier,Call Center,bowmanbs@hotmail.com
100238,Urijah,Kemp,Store,yangyan@optonline.net
100239,Serenity,Fisher,Web,juerd@sbcglobal.net
100240,Jack,Hines,Web,rnewman@yahoo.com
100241,Amaya,Barker,Web,dmbkiwi@msn.com
100242,Lindsay,Monroe,Web,jadavis@aol.com
100243,Xiomara,Bennett,Call Center,wildixon@gmail.com
100244,Paulina,Werner,Call Center,ullman@yahoo.com
100245,Skyler,Kerr,Store,raines@yahoo.ca
100246,Elijah,Sawyer,Call Center,majordick@outlook.com
100247,Valentino,Calderon,Web,jgoerzen@verizon.net
100248,Sanai,Chandler,Store,drewf@mac.com
100249,Grady,Donovan,Web,podmaster@optonline.net
100250,Ezekiel,Houston,Web,pspoole@me.com
